{"cameraMode":{"drawMode":0,"name":"Shaded","section":"Shading Mode"},"sceneLighting":false,"audioPlay":false,"sceneViewState":{"showFog":true,"showMaterialUpdate":false,"showSkybox":true,"showFlares":true,"showImageEffects":true,"showParticleSystems":true},"in2DMode":false,"pivot":{"x":6.7870001792907719,"y":1.1050000190734864,"z":-1.899999976158142},"rotation":{"x":-0.01199914887547493,"y":0.010499772615730763,"z":0.00012614793376997113,"w":0.9998729228973389},"size":3.429460287094116,"orthographic":true}